id,score,text,label
c0001,1.6K,Golden Girls,EXCLUDE
c0002,356,Thank you for being a friend Traveled down the hardest road and back again,EXCLUDE
c0003,101,Your heart is true Your a pal and a confident,EXCLUDE
c0004,173,I prefer Golden Years Warriors,EXCLUDE
c0005,3.8K,The NBA version of The Expendables,EXCLUDE
c0006,31,"Yes this was Bill Simmons prediction (dream?) for a while now, calling it the same thing. Can’t deny it would be an interesting watch with all those old stars.",hot_take
c0007,399,Except curry is still dropping over 25 in half the games he plays edit: oh yeah and lebron single handedly beat the rockets in the playoffs,hot_take
c0008,208,Damn you had to include that edit huh,EXCLUDE
c0009,78,What he say fuck me for?,EXCLUDE
c0010,50,Tbf the expendable had Jason Statham while he was still at the top of getting those action roles. It was a bunch of old legends and himself/Crews at the start and didn't start adding every semi-popular person that was clearly a plant to try to elevate their acting careers until the following films.,EXCLUDE
c0011,48,you're really up on the expendables lore,EXCLUDE
c0012,422,I can’t believe I liked those movies man,EXCLUDE
c0013,553,There’s nothing wrong with enjoying a campy as shit bad movie,EXCLUDE
c0014,142,"seriously just because a movie isnt critically acclaimed doesnt mean it cant be fun for 90 minutes lol. and i hated them, but wont judge someone for liking it my taste is admittedly trash too!",EXCLUDE
c0015,35,"especially when they lean into the camp like the expendables did i mean my god, the second movie has a Chuck Norris cameo and they use Chuck Norris jokes to introduce the character this is NOT a movie with any pretensions about what it is, and that makes it incredibly fun",EXCLUDE
c0016,106,No shame in it they were fun. I don’t remember anything about them other than the last one being dog shit tho,EXCLUDE
c0017,17,I love nothing more than being successfully and honestly manipulated,EXCLUDE
c0018,16,coopted bill simmons shtick,EXCLUDE
c0019,4.1K,that team would be fun as fuck or injured as shit and really sad this is top tier glass cannon team building and I support it,hot_take
c0020,750,If this happened and the Wolves somehow traded for Zion a healthy Wolves-Warriors would be must-watch TV,hot_take
c0021,292,"If we could trade for Zion, we’d be like 60s Celtics level good for about 10 games per year.",EXCLUDE
c0022,128,And what a glorious 10 games it would be,EXCLUDE
c0023,42,That’s only 6 fewer games than the “Scary Hours” Nets,EXCLUDE
c0024,105,It would be a shoot out.,EXCLUDE
c0025,55,A real battle of who has more knee shots before and after each game,EXCLUDE
c0026,49,"I got two words for you: Wolves and Warriors, must see TV",EXCLUDE
c0027,32,That's six words fool,EXCLUDE
c0028,153,"This is the kind of Sixers level ""get out there and fuck a team up for one series"" I can really get behind",hot_take
c0029,81,"i kinda respect it as a strategy if you don't have an actual shot at a championship with an aging superstar, your only options are to blow it up, or make high risk moves that increase your ceiling, even if you're 90% likely to flop",analysis
c0030,28,"Obviously I was just throwing shit around in my comment but I actually kind of hope that the Knicks winning the championship is going to have that effect. You're going to get more teams willing to look at the playoffs again and think, ""Hey you know what though, if we can get the right matchup, we get the right team to be successful at the right period of time, we can win."" That makes for good basketball.",analysis
c0031,117,Glass Cannon team is the best way to put this roster lmao.,EXCLUDE
c0032,140,"We’d get some crazy stats at the end of the year like “the Warriors were +178 points for the 37 minutes this season where Steph, LeBron, and AD were all on the court together”",EXCLUDE
c0033,25,This is so true it hurts.,EXCLUDE
c0034,26,"As long as they do a ""NOW THIS IS GOING TO BE FUN"" sports illustrated cover",EXCLUDE
c0035,62,30% of HP gone but that damage amp tho,EXCLUDE
c0036,5.2K,hey man. they're trying for Steph. that's good.,EXCLUDE
c0037,1.7K,"Yeah, they're one of the only teams I actually understand if they're connected to some of the more desperate moves out there. They've got like no ammo left, but have to take whatever shot they can for the sake of the best player who will ever wear their uniform.",analysis
c0038,486,"This is what every franchise should do when they have a real legend playing for them. Ya you might be awful for a while after, but without a player like steph you dont have near the success so you do whatever you can to give that guy as many shots at a ring as you can before he hangs it up. Seeing steph and lebron play together for a year would be pretty cool.",analysis
c0039,234,"That's why I don't get people slandering the Bucks*. They made heaps of moves to try and maximise Giannis' window and give him more shots, just a shame a lot of them didn't pan out. Now they will be ass or ass-adjacent for a while. *Except for hiring Doc",analysis
c0040,61,"That’s why Kronke refusing to enter the second apron to keep Watson, when that’s clearly their best option at this stage, is so horrible. Kronke is not maximising Jokic’s ability to contend throughout the remainder of his prime.",analysis
c0041,250,"they got picks, i think if they offer 2 1sts and jimmy the wizards would accept especially if AD makes it know he doesnt wanna be there",analysis
c0042,165,Jimmy and AJ in the lockeroom would be funny tbh,EXCLUDE
c0043,161,jimmy is not showing up lol,EXCLUDE
c0044,64,Then have Washington immediately trade Butler to another team in a completely separate transaction before a buyout. Butler would then be eligible to re sign with the Warriors if he ever recovers from his injury since he would have been laundered through Washington.,analysis
c0045,49,I am A-OK with being (ab)used in this manner,EXCLUDE
c0046,20,Yea gonna be real ez to find a team willing to take on 60m lol,hot_take
c0047,55,"Yeah people gonna clown this (haven't seen many atm tbf) but on paper these moves the warriors are making could work or at the very least make for ONE HELL of an interesting season that's for sure You could look at it as a bunch of old guys getting together at the retirement home but I like to look at it as some pretty elite, albeit older now, players getting ready for one more round of awesome basketball Edit: and by one more round I actually mean a few more years but it depends on Bron. Cus I think Steph definitely has a few more years if he wants it. I could see Bron being done after this year or I could also see him being done after 3 years. I don't think he plays that much longer but I think he's taking it on a year by year basis based on how he feels but from the outside looking in he doesn't look like he's ready to retire",analysis
c0048,340,"LeBron, Steph and AD. Ngl might be a few years too late for them but I’d love to see that. One last go for the fellas",hot_take
c0049,144,"Even if it is just a farewell tour and they don't have it to compete, it makes for 80 must watch games.",hot_take
c0050,70,"The highlights would be so insanely fun, Steph lob to Bron, Bron kick outs to a no look Steph 3, AD and Draymond jail ball on defense lmao",reaction
c0051,68,"BLOCKED BY JAMES, PASS TO STEPH, BACK TO JAMES, NUT KICK BY GREEN, STEPH FROM THE LOGO, BANG BANG BANG! shot misses but what an amazing three kicks by Green!",EXCLUDE
c0052,117,"Hope it turns out better than it did for Chuck, The Dream, and Clyde.",hot_take
c0053,76,And Pippen lol I really wanted them to win it all,EXCLUDE
c0054,19,I was convinced they were going to,EXCLUDE
c0055,49,"Hopefully not Nash, Howard and Kobe again.",EXCLUDE
c0056,37,"Malone, Payton, Kobe, and Shaq, or Kobe, Pau, Nash, Howard, Artest",EXCLUDE
c0057,6.5K,Champagnie played like a 2nd overall pick more than the actual 2nd overall pick in Chet,hot_take
c0058,3K,Champ went undrafted and got waived by....the 76ers,reaction
c0059,4.9K,what makes it funnier is the reason he got waived. they needed to make room for mac mcclung so he could wear their jersey in the dunk contest. they waived a finals starter for the dunk contest.,reaction
c0060,368,The team of people we gave up on is probably beating us in 5 lmao,reaction
c0061,88,"Only real hole is at center, going as far back as letting TJ walk/trading Jerami and: McConnell, McCain, Butler, Bridges, Jerami Grant, Champagnie, Isaiah Joe, Paul Reed.",analysis
c0062,15K,Champagnie was Undrafted out of college and he is playing like 20 minutes a game in the WCF making league minimum money. That’s fucking crazy.,reaction
c0063,7.8K,Meanwhile Chet is taking 2 shots on a max,reaction
c0064,3.1K,Wemby is going to singlehandedly alter the course of Chets career. I've never seen a player get sonned so hard by one player and it visibly crater their impact that way.,hot_take
c0065,2K,Some dude rolled up on the Spurs sub earlier this year and dropped some popular Chinese nicknames for Spurs players and legends. My favorite by far: Wemby: Most Strict Father of Chet,EXCLUDE
c0066,472,China has hilarious nicknames for all sorts of things. Not surprised to hear this one.,EXCLUDE
c0067,221,i was rolling over when dorian finney smith became an electric fan. 电风扇 initials are DFS.,EXCLUDE
c0068,798,the worst type of mismatch is where the other guy is just better at everything,hot_take
c0069,1.6K,owned by wemby,reaction
c0070,727,Showed up exactly when they needed him. A real dawg,reaction
c0071,1.5K,And scoring 20 points. Massive buckets,reaction
c0072,1.1K,"6 of 10 from deep, in a game 7, on a minimum contract.",reaction
c0073,397,"Hit 4/4 3 pointers in the 3rd quarter or something allowed our rookie to make his mistakes in the 4th. Champagnie magnet game was due, had one in game 5 too, we always need one of him or Vassell to hit their shots",analysis
c0074,334,He was hustling when spurs needed rebounds,reaction
c0075,721,"And was waived by the Sixers, that org had two players in this series on their squad and said nah",reaction
c0076,749,Here’s the real kicker. They waved him because they wanted to keep McClung on the roster so he could participate in the slam dunk challenge 🤣,reaction
c0077,6.7K,The Corgi went 7/7!,reaction
c0078,1.7K,Generational run by the corgi,reaction
c0079,278,Corgi got that dawg in him.,reaction
c0080,530,Corgi took more shots than Chet,reaction
c0081,5K,The fuck you dunk at the end was so cathartic and I don't even like the spurs,reaction
c0082,1.9K,That was satisfying. Probably wouldn't have done it in their homecourt but since they're on the road he probably really wanted to do that lmao,reaction
c0083,581,"Also, Vassell secured himself at least 10 points, which always looks good on paper.",reaction
c0084,815,"Vassel even looked around and hesitated a bit but then like ""why not?""",reaction
c0085,799,vasell legit hate the team more than wemby,reaction
c0086,200,"Yeah that was a ""with hate in his heart"" slam.",reaction
c0087,263,"Was watching at my in laws and had been very restrained all game but when Dev got it and started going I yelled “yeah dunk that shit, fuck em!” And my wife laughed",reaction
c0088,13K,GLORIOUS HATEWATCH,reaction
c0089,4.6K,"From ""Is OKC gonna beat the 16-1 warriors playoff record"" to FADED LMAO",reaction
c0090,623,Don't forget 73-9 earlier in the year.,reaction
c0091,1.2K,29 teams won tonight,reaction
c0092,797,The game of basketball won tonight.,reaction
c0093,1.2K,HALIBAN AVENGED,reaction
c0094,103,THAT RING LOOKING FUNNY IN THE LIGHT.,reaction
c0095,2K,This has been a great day for hatewatching,reaction
c0096,7.2K,That really was just a generational hate-watch.,reaction
c0097,4.1K,"The chat in my illegal stream was completely locked in on the hate-watch. None of the usual racism or bigotry, just 100% basketball-related hatred",reaction
c0098,2.4K,okc ended racism?,EXCLUDE
c0099,256,Racism ending in Oklahoma is the twist nobody saw coming,EXCLUDE
c0100,12K,perhaps we shouldnt be calling teams a dynasty after 1 chip lol,hot_take
c0101,4.2K,"Deadass happened almost every year since 2021 lmao Bucks, Nuggets, Celtics and Thunder especially I remember vividly dynasty talks for all of them just for them to immediately lose next season and never get back",analysis
c0102,5.9K,OKC Dynasty 2025-2025 RIP,EXCLUDE
c0103,1.5K,Getting Third Reich for a 1000 years vibes,EXCLUDE
c0104,568,Poor Chet gonna see Wemby every year. Bro gonna need a therapist.,reaction
c0105,620,FUCK YOU FLOPPERS EVERYONE GET IN HERE,reaction
c0106,956,"He played scared. So did SGA at the end, he threw away a couple good looks for no real reason.",EXCLUDE
c0107,757,SGA driving in on Wemby at the end and dishing out when Wemby was clearly not trying to foul out was beautiful to watch,reaction
c0108,610,Wemby was put in purely for him to just stand around and intimidate the shit out of them despite having 5 fouls and it worked. Hilarious,reaction
c0109,24K,Counter-Terrorists win,EXCLUDE
c0110,4.8K,"r/NBA 12/25 EDIT: The Spurs averaged 29 wins over the last 6 years, and just eliminated OKC. What the actual fuck",reaction
c0111,1.9K,"The Lakers elimination thread from not making the playoffs in 2021-2022 is still the most upvoted elimination thread on this subreddit at 53K upvotes. If there’s a shot of one beating that it’s this one, but I’m not so sure. Edit: Wow it actually beat it! Holy hate watch lmao",reaction
c0112,952,Never thought I would cheer for the spurs to make the finals,reaction
c0113,832,What about cheering for a friend to make the finals?,EXCLUDE
c0114,566,Aye. I could do that.,EXCLUDE
c0115,707,Chet Holmgren 😂,reaction
c0116,15K,THEY REALLY GAVE CHET THE MAX 🤣🤣🤣 Type of guy to shoot 2 shots in a Game 7. Fucking embarrassing.,reaction
c0117,3.4K,chet 2 holiday,EXCLUDE
c0118,5.2K,Legit all-time embarrassing performance. Shooting just twice in a G7.,hot_take
c0119,3.4K,All series he has been dog Chet,reaction
c0120,589,"This can only be explained by watching, literally suffocated all night by Wemby",reaction
c0121,614,Wemby's defensive presence literally can not be overstated. I've never seen anything like it. Holy fucking shit.,reaction
c0122,339,that last drive by Shai he inexplicably passed it out but then i saw it was Wemby trailing so it made sense,reaction
c0123,196,In Hartenstein + Chet minutes the Spurs would typically put a way smaller defender on Chet and he never took advantage.,analysis
c0124,532,Chet the bed,reaction
c0125,302,He needs to hit the gym,hot_take
c0126,199,He looks like running hurts him physically,reaction
c0127,473,And Wemby is only 22 so this belt is going to fall on that ass for like a decade straight.,hot_take
c0128,323,"Wemby absolutely has ""It's gonna be like this every time I see you"" vibes lmao.",reaction
c0129,98,He has already hated Chet for 5 of his 22 years alive. He's not stopping anytime soon.,EXCLUDE
c0130,1.9K,"EVERYONE, GET IN HERE!!!!",reaction
c0131,2.2K,Fuck the clippers Edit: I put floppers and it auto corrected it to clippers for some reason lol. I’ll leave it,reaction
c0132,731,fuck them too.,reaction
c0133,4.3K,wow Plaschke's still doing this? good for him,reaction
c0134,3.4K,Doesn’t put out hit pieces for the money or clicks. He does it for the love of the game.,EXCLUDE
c0135,1K,Player hater ball winner 2026,EXCLUDE
c0136,238,He's a shoo-in for Hater of the Year,EXCLUDE
c0137,220,"Now if you'll excuse me, I have to go put more water in Kawhi's mama's dish.",EXCLUDE
c0138,39,I hate you and I hope all the bad things in life happen to you and only you,EXCLUDE
c0139,26,Why don't you click your heels together three times and go back to Toronto,EXCLUDE
c0140,89,HATE HATE HATE HATE HATE🗣️,reaction
c0141,60,"Life time achievement, really.",EXCLUDE
c0142,177,"The first rule of Spite Club is, please talk about Spite Club. The second rule of Spite Club is, please talk about Spite Club.",EXCLUDE
c0143,106,"It does add a bit of extra sting to be on the receiving end of an article like this. He didn’t write this to get clicks and start trending, to make a name for himself and advance his career, to make a boss happy and angle for that promotion…. He did it because he’s been covering sports in this city for a long time and he’s genuinely disgusted by what happened. It’s not business kid, it’s personal.",hot_take
c0144,365,"Plaschke is routinely met with eye rolls with any LA Times reader/sports fan By most all accounts in his personal life, I’ve heard he’s a great guy. And I admire his tenacity in the face of physical health struggles. But good lord does the guy write some frustratingly miserable columns. Weird way to make a living tbh",hot_take
c0145,474,Getting paid to doompost is r/NBA's dream,EXCLUDE
c0146,45,Lol good point,EXCLUDE
c0147,64,"I mean like every city has a columnist or two that does this, right? That's been writing in the local paper of record for so long they've become a caricature of themselves. We just all know this one because of Around the Horn. In Florida, like three pop into my mind immediately. Greg Cote's Miami Herald columns are always super reactionary and hyperbolic. Dan LeBatard, when his fingers still worked, would often write ridiculous and preachy columns that moralized at us. And here in Orlando I've wanted to eject Mike Bianchi into the sun for like 25 years because of his extremely reactionary columns that are often exceedingly banal. At some point, you get so familiar with how the local guy writes that it feels like a madlib to you.",analysis
c0148,13,When Bayless was in Dallas…,EXCLUDE
c0149,142,"Even so, he is spot on with this piece. F**k Leonard. I grew up So Cal. Have been a die hard Angels and Clippers fan since I was young. I know Ballmer is a likable guy, but him and Arte Moreno have ruined my two favorite franchises. I was ok with being the underdog that would occasionally go through nice stretches of success.",hot_take
c0150,117,Ballmer projects the happy goofball image but he has quite the history of scummy behavior.,hot_take
c0151,91,Anyone who finds any billionaire actually likable is a gullible rube,hot_take
c0152,17,"No one in the NBA is worth a blatant hit piece more than Kawhi and the Clippers. Even before the aspiration bullshit Kawhi was fleecing the Clippers, and more and more so with each season since SGA is now B2B MVP. No sympathy for the Clippers either, they were dumb enough to give Kawhi the money and tried to sneak it under the table as well.",hot_take
c0153,59,He has Parkinson’s now but he’s still working,EXCLUDE
c0154,782,collected nearly $300m* of Ballmer’s money and burned it *that we know of,EXCLUDE
c0155,200,Who cares about Steve Ballmer’s money? He would’ve prob burnt it on a yacht or whatever billionaires burn money on. Usher’s “Let it Burn” playing in your head.,hot_take
c0156,194,I don't give a shit about Steve Ballmer's money. I do give a shit about him and Kawhi flouting the rules of the league and spirit of competition with his money.,hot_take
c0157,4.5K,He gone. This is the Kawhi hit piece narrative,hot_take
c0158,876,at least wait for the trade,EXCLUDE
c0159,341,Feel like Plaschke was gonna write this either way lmao. Its his thing,hot_take
c0160,165,Yeah people calling it a hit piece might be unfamiliar with Plaschke's column.,hot_take
c0161,83,For Plaschke it's just your everyday article.,EXCLUDE
c0162,24,Just regular Plaschke things,EXCLUDE
c0163,137,Not sure this is a hit piece if it’s just saying the truth out loud instead of wishing it wasn’t true,hot_take
c0164,113,Its not necessarily wrong though. It has to be one of the more disappointing signings I can remember. It definitely seems like hes phoned it in since he got there.,hot_take
c0165,54,hard to believe it's now ~7 years since he signed with them...,EXCLUDE
c0166,14,"The closest they came to winning a chip was in the bubble. If I remember correctly, all the guys were healthy (for a change). But they played like they didn’t want to be there and it showed",analysis
c0167,46,Sorry is any of this inaccurate though?,hot_take
c0168,1.7K,"With under the table money, it is even more.",EXCLUDE
c0169,466,Makes me wonder how many under the table deals there are that we don’t know about.,EXCLUDE
c0170,347,LeBron has a minority stake in Istanbul,EXCLUDE
c0171,186,How did the fall of Constantinople affect Lebron's legacy? https://youtu.be/IBP5NUDP28A?is=AGfG8ZQY5nxZmwac,EXCLUDE
c0172,38,That’s nobody’s business but the Turks,EXCLUDE
c0173,96,Rumor that he gets the rights to publishing the new hamarabi code,EXCLUDE
c0174,100,LeCradleOfCivilization,EXCLUDE
c0175,40,LeBrontinople,EXCLUDE
c0176,30,LeBronStantinople*,EXCLUDE
c0177,2.1K,He built the Thunders Championship Run💀 I will never forgive Leonard and Paul for their sins for this lol,reaction
c0178,438,Put some respect on Wayoff P for gifting you J-Dub!,EXCLUDE
c0179,87,First-ever Remote Work Franchise Playa,EXCLUDE
c0180,1.5K,"Why the hell did the Clippers “deserve so much better”?? They poached him from Toronto and paid him under the table ffs! Poor Balmer, he fucking cheated so he could get ripped off by Kawhi lmao",hot_take
c0181,542,Framing Balmer as a victim of Kawhi is fucking hilarious,hot_take
c0182,100,Ballmer is the owner. He had all the power to say no,hot_take
c0183,29,Balmer covered everything he paid Kawhi after looking under his couch cushions.,EXCLUDE
c0184,188,Ballmer has a lot of friends in the media. They've all been shitting on Kawhi ever since the Aspiration story broke and painting Ballmer as some unsuspecting klutz who couldn't have known any better.,hot_take
c0185,39,TIL Sheboygan had a professional team,EXCLUDE
c0186,23,A charter NBA team. Made the playoffs in 100% of their NBA seasons,EXCLUDE
c0187,70,The 72-10 Bulls lost to the 21-61 expansion season Toronto Raptors.,EXCLUDE
c0188,23,73-9 Warriors lost to the 17-65 Lakers. 112-95 Clarkson and DLo scores 25 and 21 respectively,EXCLUDE
c0189,6,That game made me a Raptors fan.,EXCLUDE
c0190,16,Gus Polinski sold 623 copies of his album in Sheboygan.,EXCLUDE
c0191,5,Legend has it The Polka King played the half time show.,EXCLUDE
c0192,3,"Polka, polka, polka... No? ""Twin Lakes Polka""? ""Daj Mi Buzi Polka"", AKA ""Kiss Me Polka""? ""Polka Twist""?",EXCLUDE
c0193,3,"John Candy improvised almost all of his lines from Home Alone, including this one. Dudes a fucking legend",EXCLUDE
c0194,12,Yes it was at the time,EXCLUDE
c0195,8,"For those interested, here is the only footage of the Sheboygan Redskins: https://youtu.be/ihMi3izYkY0?si=kP1qVmc7k7VNLOTS I think it helps my case.",EXCLUDE
c0196,3,That was awful,EXCLUDE
c0197,3,"I now have an answer to ""if you could time travel to any point in history when would it be?"" 1950, so I could cross up some NBA players",EXCLUDE
c0198,1,That team beat the NBA champions of the 1950 season,EXCLUDE
c0199,8,today’s teams with their flashy dipsy-do moves wouldn’t stand a chance against the mastery of fundamentals Sheboygan brought to the hardwood,EXCLUDE
c0200,3,"exactly, scoring with a 2-foot set shot instead of all that fancy schmancy stuff they do today!",EXCLUDE
c0201,3,I’m tired of you Sheboygan Redskins stans,EXCLUDE
c0202,15,"I'm old enough to remember that game. I saw it with my two sons. I'd never seen anything like it, I tell you what. Definitely up there with the '51 finals between the Royals and Knicks and the '57 finals with Boston and St. Louis.",EXCLUDE
c0203,4,would you be interested in writing more about old NBA history you remember? that’s really interesting.,EXCLUDE
c0204,15,Do the math on how old a man who had sons he could take to a game in 1950 would be today,EXCLUDE
c0205,16,And be a top 1% commenter at that,EXCLUDE
c0206,6,It’s what keeps him going and sharp,EXCLUDE
c0207,12,"That was over 76 years ago, I think this guy is joking, even if he had kids at 16 that would make him 92. It’s far more likely that he’s just joking around on the internet than a 92+ year old is a top 1% commenter on reddit.",EXCLUDE
c0208,2,Personally im taking the warriors sweeping the heavily favored bullets in the 1975 finals due to the stakes,EXCLUDE
c0209,2,George Mikan’s legacy will never live this down,EXCLUDE
c0210,3,"7 days later, Sheboygan Redskins’ Bobby Cook took the single game NBA scoring record from Mikan by scoring 44 against the Denver Nuggets on 1/12/50",EXCLUDE
c0211,2,"Sheboygan - an underdog story, featuring Chris Pratt as Mighty Max Morris!",EXCLUDE
c0212,1,"It's Minnesota, so, no. You expect them to lose by any means necessary. Serious answer: for a single game? Absolutely. For a whole series, you have to consider the 8 seed Nuggets defeating the 1 seed Sonics in 1994.",analysis
c0213,12K,The Heat have finally done it,reaction
c0214,6.6K,A decade of pump faking star trades got them Giannis. Fair play Pat Riley,hot_take
c0215,2.1K,Where are their shooting now? Norm Powell and Wiggins?,hot_take
c0216,2.4K,Spoelstra is gonna work his magic and some random role players are gonna shoot lights out for them next year,hot_take
c0217,1.1K,"Bam and Giannis combine for 8 threes a game at 40% shooting, just like we all predicted.",EXCLUDE
c0218,164,"Bam shot 31% last season, Giannis going to be shooting 65% to offset it lol",EXCLUDE
c0219,70,"40% during shootaround, 28% during the game",EXCLUDE
c0220,83,Giannis will shoot 82 3’s next season out of respect to bam,EXCLUDE
c0221,179,Then they'll sign with the Lakers and regress below league average,EXCLUDE
c0222,1.8K,Bam can score 81 a game,EXCLUDE
c0223,1.5K,83. Don’t sell my man short.,EXCLUDE
c0224,440,He said it because he respects Kobe.,EXCLUDE
c0225,1.7K,Bam and Giannis boutta own the 5th seed 😤,EXCLUDE
c0226,679,They sure did something lol,EXCLUDE
c0227,860,"When you finally land the whale, but it consumes 3/4 of the boat you were using to fish:",EXCLUDE
c0228,305,The Old Man and the Sea,EXCLUDE
c0229,4.6K,WOW NOT BOSTON,reaction
c0230,1.4K,Hugo said no deal,EXCLUDE
c0231,757,I suspect this came down to draft picks and Boston didn’t want to give them up,hot_take
c0232,449,"The ""rumor"" for whatever it is worth was that this all came down to how dead set the Bucks were on wanting picks.",hot_take
c0233,218,"Draft picks are the lifeblood of a small market team like Milwaukee which struggles to sign FA's. You draft a Giannis tier player or you trade for one. Either way, you need as much draft capital as you can get. Has this sub learned nothing from watching Sam Presti run circles around most of the other teams for the past decade?",analysis
c0234,8.5K,JAYLEN BROWN YOU ARE SAFE,reaction
c0235,5.5K,"No way, now he’s just gonna be salty as hell lmao",reaction
c0236,404,lol I want to see how that Celtics locker room looks now if they keep him,reaction
c0237,217,RDC where are you,EXCLUDE
c0238,9.7K,"Giannis for the entire Heat roster and all their draft capital, hell yeah",reaction
c0239,4.2K,Yeah for all the talk that the Giannis package was gonna be lackluster…Milwaukee did pretty damn good.,hot_take
c0240,714,"Mitchell / Powell / Wiggins / Giannis / Bam doesn't sound like the worst starting 5 tbh, they should be able to make some noise",hot_take
c0241,533,Yeah I mean this is head and shoulders better than what Giannis was with on the Bucks the past season.,hot_take
c0242,266,People forgot he had Kyle Kuzma taking big time shots,hot_take
c0243,122,And now he has 83 Bam,EXCLUDE
c0244,124,At the least seeing Giannis with Spo is a fucking treat. Norm is perpetually good until he gets injured then loses all of his mojo. They can be defensive stalwarts which they usually are with just Bam. Need more on the bench but some random undrafted guy will come around shooting 38% on 8 attempts a game from 3. They have some roster spots to fill up lol,analysis
c0245,51,You know Dru Smith and Jovic will suddenly turn into legit NBA playoff rotation guys along with whoever they get as a UDFA this season,hot_take
c0246,911,For the Bucks they honestly made out crazy well with how long they waited to finally do this. The fact they got all their young players and multiple picks with Giannis being on a one year deal. And the Luka trade continues to be the biggest joke of all time lmaooooo.,analysis
c0247,188,The only thing I'm trying to wrap my head around is that it has been less than 3 years since Dame joined the Bucks...from favorites in the East to trading your franchise player...I don't think anyone could have guessed how that would play out then.,reaction
c0248,1.8K,"More from Shams: The Heat are sending to Milwaukee unprotected first-rounders in 2031 and 2033 along with No. 13, a pick swap in 2030 and a 2033 second-rounder, according to sources. The trade does not include any additional teams -- it is a one-to-one move, sources said -- but both the Heat and Bucks will execute the deal on July 6, which leaves the framework open to see if there are opportunities to expand.",EXCLUDE
c0249,771,How do they execute a deal on July 6th that includes a pick being used in 17 hours?,EXCLUDE
c0250,844,I guess the bucks can tell the heat who to draft and make it official later,EXCLUDE
c0251,4.2K,ITS FINALLY OVER,reaction
c0252,1.5K,Holy shit. I could’ve sworn they were going to take the Boston deal,reaction
c0253,159,Brown's next stream gonna be a must watch,reaction
c0254,1.3K,I think they were until Pat Riley came back with everything besides Bam. Miami are working with scraps now. This is just Milwaukee 2.0 with a better coach,analysis
c0255,469,"Yeah they got no bench, they most trust that they can get some players, idk how their cap is looking but Shamet and Robinson don’t look too bad now going to Miami.",hot_take
c0256,1K,They’re gonna have to sign the rest of the Antetokounmpii to fill that roster,EXCLUDE
c0257,267,Antetokounmpii is killing me lmao,EXCLUDE
c0258,302,Clantetokounmpo,EXCLUDE
c0259,359,The Greek Fleet,EXCLUDE
c0260,68,"I mean Shamet sure, but Mitch? I think they'll need every other dollar spent on guards now that they have none.",hot_take
c0261,1.9K,David West had a nice top of the key jumper. Its personal for him.,reaction
c0262,817,"4s shooting graceful long 2s is really a dead art. West, KG, Lamarcus Aldridge, etc. I miss that style of player. Now you have bums like Tari Eason chucking 5+ threes nightly",hot_take
c0263,394,Tari Eason taking Lamarcus Aldridge shots would be worse and still in no way aesthetic,hot_take
c0264,96,You also had bums like Evan Turner missing 5+ middies a game and shooting 40% while contributing zero 3s,hot_take
c0265,305,players take one step back and its the devil to yall,EXCLUDE
c0266,68,"I’d say it’s more a lament that so many skills are obsolete in today’s game, and NBA strategy feels a little solved. It’s really hard to compete against Drive and kick with 5-out lineups with any other strategy, and if guys like Tari Eason are analytically more efficient than Lanarcus Aldridge it sort of feels like a bellwether",analysis
c0267,40,i mean theres still lots of guys who operate out of faceups in the midrange nba fans hate at least half of them,hot_take
c0268,203,"It’s a lost art because it was always just objectively a pretty bad shot and it’s kind of funny in retrospect that it took thirty years or whatever for people to figure that out. Like, it’s not rocket science. Three is more than two. Three is exactly 50% more than two. Pretty much no one hits 50% more shots from 20 feet than they do from 24, so it’s almost always a bad idea to take those long twos. You don’t need a lot of advanced models and statistical wizardry to figure that out. Seems like it ought to be pretty basic common sense.",analysis
c0269,95,"It’s funny because growing up playing, we were always taught if you had a wide open three to not take it, but to take two steps in and take that 2 instead cuz it was a better shot.",hot_take
c0270,92,"To be fair, most kids aren't strong enough to shoot 3s efficiently as they can't reach the rim.",hot_take
c0271,41,it's the same thing man,EXCLUDE
c0272,2.4K,what the hell happened in the past couple days why are ppl pissed about analytics again lol,EXCLUDE
c0273,2.5K,That one post calling Jaylen Brown analytically the 7th best player on a team did irreversible damage to this sub,hot_take
c0274,883,I know someone told Marks to throw a grenade in the Celtics front office. No team has 7 players better than Brown. This is great engagement for podcast though,hot_take
c0275,321,"I don't think there's ever been a team in history thats had 7 players better than Brown. Like Im trying to think of even all time great teams were Brown would be low enough on the roster to be barely getting minutes off the bench. Like maybe some old Celtics, bulls, or 2010s warriors teams were he might be the 6th man? Even that seems like pushing it",analysis
c0276,211,MAYBE one of the USA Olympics teams lmao,EXCLUDE
c0277,106,"There might be more than a couple. 1992 - Jordan, Magic, Bird, Barkley, Robinson, Ewing, Pippen, Malone gets you 8 players better. Is he better than Stockton or Drexler? 1996- Barkley, Robinson, Shaq, Malone, Hakeem, Grant Hill, Gary Payton, with Penny, Mitch Richmond, Reggie Miller and Stockton as question marks 2008 - Lebron, Kobe, Wade, Dwight, Bosh, Chris Paul, Carmelo. Brown is probably better than Boozer, Michael Redd, age-35 Jason Kidd, Deron Williams, and Tayshaun Prince 2012 - Carmelo, Kobe, Durant, Harden, Lebron, Kevin Love, Chris Paul, and maybe Westbrook 2024 - Curry, AD, Durant, Anthony Edwards, Embiid (if healthy), Lebron, Tatum.",analysis
c0278,135,"Australia s he better than Stockton or Drexler? lol, no, just no",hot_take
c0279,37,Drexler was the only SG that was even in the vicinity of sniffing MJ's panties in that era. People don't realize in his prime he was averaging 27-8-6 with over 2 steals a game. Plus he had one of the most aesthetically pleasing games around.,analysis
c0280,27,"Australia The reason the team did not pick Jordan in the draft, and it didn't seem that mental at the time. Also dumping the best pure point guard in the history of the game into the maybe better than Brown is utterly baffling",hot_take
c0281,40,Yeah if we counting USA Olympic teams we might as well count All-Star teams.,hot_take
c0282,14,Or all nba teams for that matter lol,EXCLUDE
c0283,18,"There's no ""maybe"" about the 92 squad. Brown doesn't even sniff the top 10 on that roster",hot_take
c0284,42,"Without looking over every team, there has to be very few teams with their 2nd best player being better than Brown, right? I mean, even if you're a JB hater, he's a perennial all-star. So using a rough, crude barometer of top-24 player in the league (this is intentionally low), how many teams' 2nd best player is a top-24 guy?",analysis
c0285,35,"There’s a lot of teams all time that have a better top 2 than him, but there are way more that would have him instantly be there second best player (or even just best).",hot_take
c0286,7,I was speaking just for last/this coming season. Not comparing JB to all-time anything,EXCLUDE
c0287,39,It's massively idiotic. Statements like that push back understanding of the usefulness of analytics. Nobody on earth who has watched him play would say he is the 7th best player on the Celtics. It's stupid.,hot_take
c0288,45,Which is an anonymous source probably just saying something absurd and arbitrary to lower his trade value,hot_take
c0289,90,Rightfully so - it’s absurd,EXCLUDE
c0290,201,Bobby Marks shared a quote from someone that said Jaylen Brown’s advanced numbers paint him as the 7th best player on a team,EXCLUDE
c0291,47,"I doubt his model actually says that. It’s an anonymous source probably out of context, exaggerating, messing around, or with ulterior motives",hot_take
c0292,148,"Then someone else said that he was in the one of the five worst players in the league in terms of making their team and teammates better. The guys has made like 6 Conference Finals and won a championship. By that logic if the Celtics did nothing else but bench him, they would have been the 1990s Bulls since her second highest usage and minutes guy was actively sabotaging them",analysis
c0293,58,Some analytical guy told Marks that JB would be the 7th best guy on most teams because of his on and off numbers,EXCLUDE
c0294,54,Oneguy lol. Thats like saying every ex NBA players are an idiot and need to shut the fuck up because Kendrick Perkins and Rashad Mccants exists.,hot_take
c0295,10,To be fair if that was someone's takeaway from listening to Perkins I couldnt blame them,EXCLUDE
c0296,3.7K,People completely misunderstand analytics and it definitely has its place. However when you’re talking about models putting Jaylen Brown as the 7th best player on the Celtics we need a bit of a correction lol,hot_take
c0297,1.6K,"No one even knows what model, which source, what context, etc. It’s probably all made up for clicks or ulterior motives and it’s working.",hot_take
c0298,630,"He's 7th in win shares per 48 amongst Celtics players that played more than 10 games. That's just a single stat, not a model, but it's probably where the ranking came from.",analysis
c0299,138,"Well played from Marks and ESPN. He's sparked a huge controversy and player uprising that will create content for a week+, just by misrepresenting what some analyst told him. It's pretty obvious, if you stop and think for a second, that someone said they felt he was overrated and that one of their models even had him as a 7th man. That doesn't mean they believe he's a 7th man, but just that some stat or model showed that. People somehow don't notice that it's always an ESPN talking head that puts out controversies like this.",analysis
c0300,142,"EPM has him 5th at +1.3 and Hauser and Garza are behind him at +1.2, which is probably much more similar to what these people are talking about. His numbers don't bear out well across many metrics",analysis
c0301,50,"You're looking at the expected EPM going into the '25-26 season. His actual EPM was +2.2, which put him only behind White, Queta, and Tatum. Next was Pritch at +1.7 That said the point is still true that his advanced metrics have always looked pretty meh. Still, 7th on any team from an overall value standpoint is pretty crazy",analysis
c0302,18,"Wby can’t it be that the source that said is really just a dumbass and it’s real? People say crazy shit, especially when they’re off the record (I’m freelance journalist) knowing that they could say some of the most outlandish with no blowback. Earlier in the week, SAS took a whole segment on national TV to respond to brown comments and posted that video on socials IMMEDIATELY. This is nothing compared to that. Everyone is attacking Marks credibility when before this he was one of the more respected talking heads at ESPN. It’s usually poor ethics and bad faith to expose a source, unless some really extraordinary circumstances are involved, so Mark got no choice but to take the heat. But I’m for certain, this ain’t made up and if delivered in a different context, that comment would be worthy of discussion without the mud slinging.",analysis
c0303,10,"Im assuming the original source probably said something like “he’s a good player but in a few metrics we use, JB ranks closer to a 7th best player on a team than a top option. So we won’t go out of our way to try to acquire him.”",hot_take
c0304,64,"We don’t know the analytical model, what it’s looking at, or anything to critique it. Most analytical models do not have Brown even close to that bad.",hot_take
c0305,26,"it's WS/48. He was 8th Celtic last season, I guess they removed Bassey who played 5 games so Brown's 7th.",analysis
c0306,13,"That’s always been the problem with how analytics are being painted by people who just use it online. Id like to think teams are definitely smarter (though if this source is real then ehhh), but people using it say “X metric says this so it supports my argument”. They take whatever surface level summary of what the metric wants to say, and use it to make barely substantiated evidence with minimal understanding or adequate eye test validation too. It makes something very useful to teams around the league look like dumb nerd shit cause of these stupid online arguments for brownie points",analysis
c0307,20,I'm not sure that's necessarily true. EPM has him 5th at +1.3 and Hauser and Garza are behind him at +1.2 so it's not hard to imagine.,analysis
c0308,52,"The thing about math is that after you do all the crunching, you need to apply sanity to validate that your answer is correct. If your crunching says the ball travelled at the speed of light when you dropped it off a building, you did the math wrong. If your model says one of the best players on a leading basketball team was one of the least productive on that same team, the model is wrong. The model is aimed at predicting the future, to some extent, and you correct it by comparing its predictions to the actual; not blindly following it.",analysis
c0309,3K,We’ve reached circle jerk levels of analytics.,EXCLUDE
c0310,1K,I’m at the Cavs championship parade rn,EXCLUDE
c0311,288,"It’s not even a parade, everyone’s just staring at a data center cheering",EXCLUDE
c0312,28,"So analog. I just gave the data center a like, boosted it for personal brand visibility, and moved on to my next high scoring social benefit opportunity.",EXCLUDE
c0313,118,Statistics prove Jaylen Brown is the worst thing to happen to Western civilization since analytics something really bad.,EXCLUDE
c0314,26,Just imagine what the 2024 Celtics team could have done if Jaylen Brown wasn't on their team! They could have won game 5 by 30+!,EXCLUDE
c0315,52,"This is just the danger of people having access to information they don't understand or know how to use. Numbers don't lie, but people sure do. If anyone actually thinks JB makes a team worse, they should be fully ignored. Just extremely dumb shit. And I day this as someone that finds JB insufferable.",hot_take
c0316,9,"Yup, we are witnessing in real time how statistically illiterate many people are. The statistics aren’t wrong, they can only show what they are created and calibrated to show, in that they have succeeded. How we interpret the numbers a statistical model spits out is up to us. And that’s the problem, most people just see a statistic and think higher number = good and lower = bad, but all statistics require context to decipher. There are too many confounding variables that you can’t necessarily control for that can muddy a statistic for any given player. Furthermore, you have to know how a statistic is calculated. A lot of these models use weird extrapolations of data to get their result",analysis
c0317,8,100% of all humans that drank water have died. We must petition the government to ban water to save lives. Numbers don't lie.,EXCLUDE
c0318,8,On nights Jaylen Brown plays the grape flavored Gatorade is 50% more likely to be in the bottles. Orange never had a chance.,EXCLUDE
c0319,3.7K,"Luka, Wemby and Giannis are some of the other players in the bottom right btw",hot_take
c0320,1.7K,7th best players on their respective teams also,EXCLUDE
c0321,138,"Nico isn’t dumb, he’s just analytic",EXCLUDE
c0322,33,Misjudged for being misunderstood due to being ahead of his time,EXCLUDE
c0323,29,Every player in the league is joint 7th best on their teams,EXCLUDE
c0324,639,I'd imagine it happens with lots of star players. When they are on the court they take more shots than role players.,hot_take
c0325,292,They’re are also going against other starting units. It’s not like JB goes the bench first and then they just take off.,hot_take
c0326,42,"Except Brown for the last 2 years plays exclusively with the first unit while Tatum leads the 2nd unit, then is the first to come off the bench against the opponents' bench in the 2nd and 3rd quarters and comes in rested for the 4th quarter stretch. He has better teammates around him and plays vs worse players more.",analysis
c0327,131,"Yeah, it's fine if you subtract points from your teammates, if you add a lot more points yourself. The better number to look at would be how much better your team performed when you're on the court versus off. (Don't look it up for Jaylen Brown though lol)",analysis
c0328,41,"Yeah, this is a weird metric. I don't care if the teammates metrics go down as long as the team overall is better. The extreme would be that when one player is on the court none of his teammates shoot at all, but the hypothetical player hits a 3 on every single possession. Obviously that's a huge net win for the team even though his teammates metrics literally crater to nothing.",analysis
c0329,10,"This is one of those areas where I feel like eye test and analytics kind of overlap. Depending on what your definition of those is, they can fall in either camp. That's a great point in so far as getting your teammates going and involved has value, like it has eye test value, but I can't imagine it doesn't have analytical value. It would just be the level of analytics, frankly, that we're probably not going to be seeing on Basketball-Reference or captured in a tweet.",analysis
c0330,29,"Ah yes, plus minus, the most important stat in the game and one you can have literally zero impact on whilst on the court and still come out positive or negative",hot_take
c0331,20,"Yeah, it's always funny seeing a player drop a Tony Snell but end up at a team best +15 because they were simply on the court at the right time.",hot_take
c0332,19,"The problem with plus/minus is that people treat it like it's an advanced stat or like it's a true aggregate stat when it really is just like a base stat. It actually should be treated more like a counting stat. It's the counting stat of advanced stats. Your particular plus minus might not tell me much but the difference between plus minuses, identifying changes and relationships etc, can tell me a ton. Can get me like 80% there",analysis
c0333,12,"It is not important in one game or in one month, but across a whole season it's quite telling yeah, large enough sample size",hot_take
c0334,5,Why would it even matter whether or not your team scores more points than the other team? That has nothing to do with anything.,EXCLUDE
c0335,524,"That would be the reason they didn’t call out the other names. To fit the narrative, objectivity be damned",hot_take
c0336,120,Seriously. Shouldn't the first option take away scoring from teammates,hot_take
c0337,123,So is this not just a function of being a ball-dominant player? Your teammates are gonna score less if you’ve got the ball all the time.,hot_take
c0338,34,Thats why what actually matters should be points relative to the general trend line. If the expected value for a 35points/100 player is a negative 2 on his teammates but your guy is only minus .5 hes a positive creator for that level of production but if your guy is minus 3 then he's a negative even relative to the expected value.,analysis
c0339,34,"I mean, at that point it just boils down to points per 100 possessions on/off, right? And for Brown it's 120.809(on)/121.164(off), so -0.35. That doesn't really explain if he's making his teammates better or worse and it helps there to use point per possession: Brown's ppp 1.165 Teammates ppp 1.232 (Brown on) Teammates ppp 1.211 (Brown off) So, there is a +1.68% lift for his teammates in their ppp, but because Browns is lower, points per 100 possessions goes down (Brown's usage is 36.2%, so (36.21.165)+(63.81.232)=120.8) For a comparison using SGA, his on/off is 122.916/113.740, for +9.8 and for ppp: SGA ppp 1.356 Teammates ppp 1.165 (SGA on) Teammates ppp 1.137 (SGA off) There is a lift in teammates ppp but because he's do much more efficient, there's a big lift in points per 100 possessions. And hypothetically, if you swapped Brown and SGA on OKC and the teammate ppp stays the same, Brown would have a positive on/off (116.5/113.7, +2.8). Average points per 100 is 115.7, so Brown is above average, it's just that the rest of his team is way above average so he brings it down.",analysis
c0340,9,I think this is much more fair and less awkward way to illustrate the point that the original guy is trying to make.,EXCLUDE
c0341,15,"Even so Jaylen Brown is at the very bottom across the entire NBA? Worse than every other ball-dominant player, worse than every other high usage player, worse than every other star player, worse than every other top scorer. That's not nothing, is it?",hot_take
c0342,26,"I mean if hypothetically you were the GOAT scorer and going iso was always objectively the best way for your team to score, this stat would make you look terrible. So it’s pretty meaningless without broader context of overall offense plus minus etc",analysis
c0343,11,I gurantee you MJ and Kobe would be near the bottom of the list all time but would anyone with a brain say those guys were not helping their teams?,hot_take
c0344,33,The first test of any ranked list is “who is at the extremes?” That list of people at the bottom is… SO fucking suspect.,hot_take
c0345,27,"This list is just a more highfalutin way of describing usage rate lmao, of course if a ball dominant player is on the court that isn't known for spreading the ball then other players will score less.",hot_take
c0346,9,Could you share a link to the whole data set?,EXCLUDE
c0347,6.2K,If wemby is crying like that I can’t even imagine what he’ll do if he wins the finals,reaction
c0348,2.4K,He said in game 6 that there's no life after the playoffs. My guess is he would be ascending to another plane of existence to play ball with big G.,EXCLUDE
c0349,833,Dude is gonna just start flying like Neo at the end of Matrix,EXCLUDE
c0350,325,He’s starting to believe…,EXCLUDE
c0351,2.2K,He said he'll bust one out on the court,EXCLUDE
c0352,1.1K,Just bust a quick one no big deal,EXCLUDE
c0353,410,Like 5 spurts max nothing worth mentioning really,EXCLUDE
c0354,436,the San Antonio Spurts,EXCLUDE
c0355,219,GO SPURTS GO,EXCLUDE
c0356,75,"WEMBY SPURTS, ARRRRRRGHHHHHHH!!! SPLASH!",EXCLUDE
c0357,277,He said he will masturbate until ejaculation on the court.,EXCLUDE
c0358,82,"If he wins in MSG, who do you think he is making eye contact with?",EXCLUDE
c0359,144,Kylie so he can alpha Timothy This is getting weird,EXCLUDE
c0360,62,Chalamet would like it,EXCLUDE
c0361,42,French vs French crime. No Baguette!,EXCLUDE
c0362,34,Viltrumite sperm?,EXCLUDE
c0363,148,Wemby going streaking in Mexico. Gonna show up on a camcorder like in Signs,EXCLUDE
c0364,25,"Move, children! Vamanos!",EXCLUDE
c0365,7.5K,Good shit Spurs. Salute Luke Kornet for that block,reaction
c0366,1.8K,Game saving play,reaction
c0367,956,Play of the game. Champagnie’s pass on that break was pretty good too,reaction
c0368,686,Champagnie was the cheatcode. What the fuck was that game?,reaction
c0369,525,"Julian ""cut for Mac McClung"" Champagnie",EXCLUDE
c0370,237,"Mistakes were made, it’s true.",EXCLUDE
c0371,112,Yeah but how many dunk contests has Champagnie entered? Checkmate atheists!,EXCLUDE
c0372,113,Champagnie playing like he was drafted as a no.1 pick,reaction
c0373,117,Biggest Kornet Kontest since Magic City,EXCLUDE
c0374,174,"Honestly yea. Slowing their momentum, allowing Webmy back in the game with the stoppage. It really was a game winning play in the 4th and I did not at all expect that from Kornet. They really must have preached the importance of every possession in that locker room because he hustled his ass off to make a perfect block. That moment was huge.",analysis
c0375,121,Blocked by James type shit,EXCLUDE
c0376,220,Legit I was dreading an OKC comeback whilst Wemby was out. I’m sorry I ever doubted Kornet 😭,reaction
c0377,106,"Dude literally checked in for a few possessions, made an insane game saving block, and then sat back down. What a guy.",reaction
c0378,95,I was shitting bricks when Wemby got his fifth and had to sit,reaction
c0379,628,Legit was the game winning play. It would have swung the momentum to OKC. Anyways FUCK YOU THUNDER YOU CAN SUCK MY DICK,reaction
c0380,229,That and the Harper stepback 3,reaction
c0381,127,That was so clean. Still cant believe he’s a rookie hitting shots like that in a game 7 conference finals,reaction
c0382,116,"Huge balls on Kornet to go for it to stop that momentum. If he whiffs it and gets slammed on with the foul, OKC probably rides that wave to the finals",reaction
c0383,2.8K,Guy loves this sport,reaction
c0384,1.1K,Him and castle (when he cleans up his turnovers) will be a deadly duo for a long time,hot_take
c0385,1K,And Harper. That dude is legit. Really impressed me this series.,reaction
c0386,413,"Shoot, add Carter Bryant and Julian Champagnie to the list while we're at it.",EXCLUDE
c0387,313,"Don't forget KJ and especially Vassell, bro was our most consistent player this series he had a p quiet game 7 but the other games he was massive for us I'm glad he got that final dunk to cap it off.",reaction
c0388,28,All that young talent and they also have a veteran in Fox.,reaction
c0389,143,That dunk was majestic. Literally fell to my knees in front of the TV when he did it. Basketball nirvana,reaction
c0390,33,"When I saw he had a free dunk I said aloud, “Oh fuck yeah, dunk that shit HARD.” It felt so good watching that.",reaction
c0391,179,Yeah I think that’s expectations being lifted. He really wanted it.,reaction
c0392,205,"he's straight up taken the face of the league. and if he wins the Finals, which i think he will, he will be cemented as that firmly. It's his NBA now. It's his era",hot_take
c0393,235,"He already has it. If NYK wins brunson is the literal king of New York for ever but like, my 70 year old aunt knows who Wemby is at this point",hot_take
c0394,164,"100%. It's already Wemby's Era and to be honest i think it's already pretty damn cool. He's just the one to take up the new mantle as ""The One"", that the NBA has uniquely had for the last 4+ decades. Basically the main character of the NBA, the same way Lebron, Kobe, Michael Jordan, Bird & Magic etc. Very very cool to be witnessing this happen live",hot_take
c0395,1.4K,"Finals at 22 years old is fucking nuts DWade was 24, man",reaction
c0396,704,He’s essentially at the same point Lebron was in 07 but much more likely to win,hot_take
c0397,516,Yeah it's crazy for Wemby to be this good this early AND have an insanely good team surrounding him. That combination basically never happens,hot_take
c0398,327,Yeah I kind of hate the spurs for being such a lucky franchise but it’s very refreshing to see a generational talent not have to spend years on terrible teams,hot_take
c0399,1.8K,"Shoutout Wemby, man. The combo of hatred and competitiveness is what the game needs",reaction
c0400,802,I love that he hates OKC just as much as all the fans lmao,reaction
c0401,252,Built in a lab to be a Spur.,EXCLUDE
c0402,413,"As amazing as Wemby has been this series, I'm almost more impressed with the rest of this team. Every single one of them overachieved, and they all seem so well connected and coordinated on both ends. Harper has probably been the most impressive, rookies are not supposed to be this solid in the playoffs. He behaves like as much of a level-headed veteran presence as Fox and Barnes, seen him prevent Castle from getting a tech on multiple occasions. Amazing that he was only considered maybe the 4th best rookie in the league this season.",analysis
c0403,105,Harper is my sunshine,EXCLUDE
c0404,43,"Harper, Castle, and Wemby are gonna terrorize the league for years",hot_take
c0405,85,"Is Harper the one who dove to the ground to hold back Castle, knowing he would be heated after the Caruso foul? That was such a high-IQ move.",reaction
c0406,27,"Yeah, he knew Caruso wasn't worth it. Take the W and end their season.",reaction
c0407,1.8K,"Castle is just a good luck charm atp. Dude is constantly on championship teams, so happy for him as a UConn fan. Completely deserved",reaction
c0408,857,He plays like a champ. He makes mistakes yeah but he plays with so much effort and physicality.,hot_take
c0409,331,"He just needs to chill a bit, hopefully he wont get that worked up against Knicks since feels like everyone on the team really hated OKC lol",hot_take
c0410,149,"Fortunately for the Spurs Castle is only 22 and most of his negatives are things that are pretty fixable with more time in the league. Unreal the Spurs have made the finals with year 3 Wemby, year 2 Castle and rookie Harper.",analysis
c0411,105,Brother we barely cracked 30 wins last season it’s really amazing that they’re doing this right now,reaction
c0412,214,Do the Knicks have anyone as dirty as Caruso? Castle appears to have developed a seething hatred of him in particular this series,reaction
c0413,257,"I don’t blame him, baldy tried to injure him 3 separated times and got nothing for it",hot_take
c0414,77,"When Caruso went down late in the game I was like ""oh did Karma sub in when I stepped into the kitchen for a second?""",EXCLUDE
c0415,111,Headband Caillou deserved to lose this and not touch the finals,hot_take
c0416,70,"He really gets too hot-headed sometimes. Good thing his team is quick to wrap him up before he fully hulks out, like Harper did. What a great rook.",reaction
c0417,72,"Good thing his team is quick to wrap him up before he fully hulks out, like Harper did. The dive and hug was hilarious, one my favorite clips this series.",reaction
c0418,51,By a rookie teammate. That is a bro for sure. Dad shared some insights with that kid.,EXCLUDE
c0419,1.4K,Most natural emotion a player has shown in this league for a while,hot_take
c0420,540,Last time I remember was Steph winning his 4th. I don't think I've seen someone break down that hard after winning a chip before,reaction
c0421,363,Dirk when he went straight to the tunnel in the closing moments of 2011 is pretty memorable.,reaction
c0422,199,"And then I remember a decent part of this sub clowning on Embiid for crying after that loss. I'd be devastated too, and actually even liked him more, because he showed that kind of emotion and wasn't ashamed of it happening in a full court either",hot_take
c0423,75,LeBron 2016 as well,EXCLUDE
c0424,613,This man came into the league as one of the most hyped prospects of all time and has overachieved.,hot_take
c0425,139,I think SAS was the best place for him to land. I wonder where else he could have achieved this. Thoughts??,hot_take
c0426,69,As a Wizards fan I wanted him so bad. Also as a Wizards fan I know we would have destroyed him.,EXCLUDE
c0427,93,Best player on a team in the finals in **year 3** is fucking insane; especially because there’s a real chance he wins it all,reaction
c0428,779,A generationally successful hatewatch for me.,reaction
c0429,198,:bw-nyk: Knicks Bandwagon Today we are all DillonBrooks.gif,EXCLUDE
c0430,514,LIBERTY EGALITY WEMBY,EXCLUDE
c0431,470,Phenomenal day for France,EXCLUDE
c0432,464,"This over the non-chalant gimmick that certain other players do, any day of the week",hot_take
c0433,137,Wemby just hugged the entire team altogether. What a wingspan.,EXCLUDE
c0434,52,Luffy d Wemby,EXCLUDE
c0435,475,Everyone said this year was to get playoff experience for this young team and they’re still 2-3 years away from being a championship contender. Now they in the Finals. Go Spurs Go,reaction
c0436,122,"For what it’s worth I think most people, even some Spurs fans vastly underestimated how fast the rest of your core would grow up in these playoffs. It’s been damn impressive that it’s so much than just Wemby",hot_take
c0437,37,"Noone expected Harper and Kornet to be this good as subs and noone expected Keldon Johnson and Vassell to adapt so fast to their new roles. Mitch Johnson was good last year, but with Pop's situation this was basically in his true first season and Sean Sweeney put up a defensive masterclass as an assistant; so, another 2 unpredictable feats. In think the only given points were Wemby and Castle's growth.",analysis
c0438,185,Let it all out Alien!,reaction
c0439,639,"Omg im fucking crying in the H.E.B right now man, I just found a Prime 1 H.E.B Rib eye steak 2 pack on special right now. i'm so emotional omg.",EXCLUDE
c0440,231,It’s understandable. Your fan base has a notably tortured history. Enjoy this rare run of success.,reaction
c0441,67,"Fucking fair enough dude. There’s more to go, but what a moment and triumph for someone so young.",reaction
c0442,186,the best player in the world,hot_take
c0443,31,"His reaction was just beautiful. Wish we could have seen Pops, too💜",reaction
c0444,155,"damn, this is kinda cool to see. you can fucking see how much it means",reaction
