text,label,notes
"Yes this was Bill Simmons prediction (dream?) for a while now, calling it the same thing. Can’t deny it would be an interesting watch with all those old stars.",hot_take,
Except curry is still dropping over 25 in half the games he plays edit: oh yeah and lebron single handedly beat the rockets in the playoffs,hot_take,"HARD: analysis vs hot_take. Cites real production (25+ ppg, beat Rockets) but as a decorative/cherry-picked rebuttal, not developed reasoning -> hot_take."
that team would be fun as fuck or injured as shit and really sad this is top tier glass cannon team building and I support it,hot_take,
If this happened and the Wolves somehow traded for Zion a healthy Wolves-Warriors would be must-watch TV,hot_take,
"This is the kind of Sixers level ""get out there and fuck a team up for one series"" I can really get behind",hot_take,
"i kinda respect it as a strategy if you don't have an actual shot at a championship with an aging superstar, your only options are to blow it up, or make high risk moves that increase your ceiling, even if you're 90% likely to flop",analysis,"HARD: analysis vs hot_take. No statistics, but a genuine multi-step argument (lays out the strategic options + logic) -> analysis."
"Obviously I was just throwing shit around in my comment but I actually kind of hope that the Knicks winning the championship is going to have that effect. You're going to get more teams willing to look at the playoffs again and think, ""Hey you know what though, if we can get the right matchup, we get the right team to be successful at the right period of time, we can win."" That makes for good basketball.",analysis,
"Yeah, they're one of the only teams I actually understand if they're connected to some of the more desperate moves out there. They've got like no ammo left, but have to take whatever shot they can for the sake of the best player who will ever wear their uniform.",analysis,
"This is what every franchise should do when they have a real legend playing for them. Ya you might be awful for a while after, but without a player like steph you dont have near the success so you do whatever you can to give that guy as many shots at a ring as you can before he hangs it up. Seeing steph and lebron play together for a year would be pretty cool.",analysis,
"That's why I don't get people slandering the Bucks*. They made heaps of moves to try and maximise Giannis' window and give him more shots, just a shame a lot of them didn't pan out. Now they will be ass or ass-adjacent for a while. *Except for hiring Doc",analysis,
"That’s why Kronke refusing to enter the second apron to keep Watson, when that’s clearly their best option at this stage, is so horrible. Kronke is not maximising Jokic’s ability to contend throughout the remainder of his prime.",analysis,
"they got picks, i think if they offer 2 1sts and jimmy the wizards would accept especially if AD makes it know he doesnt wanna be there",analysis,
Then have Washington immediately trade Butler to another team in a completely separate transaction before a buyout. Butler would then be eligible to re sign with the Warriors if he ever recovers from his injury since he would have been laundered through Washington.,analysis,
Yea gonna be real ez to find a team willing to take on 60m lol,hot_take,
"Yeah people gonna clown this (haven't seen many atm tbf) but on paper these moves the warriors are making could work or at the very least make for ONE HELL of an interesting season that's for sure You could look at it as a bunch of old guys getting together at the retirement home but I like to look at it as some pretty elite, albeit older now, players getting ready for one more round of awesome basketball Edit: and by one more round I actually mean a few more years but it depends on Bron. Cus I think Steph definitely has a few more years if he wants it. I could see Bron being done after this year or I could also see him being done after 3 years. I don't think he plays that much longer but I think he's taking it on a year by year basis based on how he feels but from the outside looking in he doesn't look like he's ready to retire",analysis,
"LeBron, Steph and AD. Ngl might be a few years too late for them but I’d love to see that. One last go for the fellas",hot_take,
"Even if it is just a farewell tour and they don't have it to compete, it makes for 80 must watch games.",hot_take,
"The highlights would be so insanely fun, Steph lob to Bron, Bron kick outs to a no look Steph 3, AD and Draymond jail ball on defense lmao",reaction,
"Hope it turns out better than it did for Chuck, The Dream, and Clyde.",hot_take,
Champagnie played like a 2nd overall pick more than the actual 2nd overall pick in Chet,hot_take,
Champ went undrafted and got waived by....the 76ers,reaction,
what makes it funnier is the reason he got waived. they needed to make room for mac mcclung so he could wear their jersey in the dunk contest. they waived a finals starter for the dunk contest.,reaction,
The team of people we gave up on is probably beating us in 5 lmao,reaction,
"Only real hole is at center, going as far back as letting TJ walk/trading Jerami and: McConnell, McCain, Butler, Bridges, Jerami Grant, Champagnie, Isaiah Joe, Paul Reed.",analysis,
Champagnie was Undrafted out of college and he is playing like 20 minutes a game in the WCF making league minimum money. That’s fucking crazy.,reaction,
Meanwhile Chet is taking 2 shots on a max,reaction,
Wemby is going to singlehandedly alter the course of Chets career. I've never seen a player get sonned so hard by one player and it visibly crater their impact that way.,hot_take,
the worst type of mismatch is where the other guy is just better at everything,hot_take,
owned by wemby,reaction,
Showed up exactly when they needed him. A real dawg,reaction,
And scoring 20 points. Massive buckets,reaction,
"6 of 10 from deep, in a game 7, on a minimum contract.",reaction,
"Hit 4/4 3 pointers in the 3rd quarter or something allowed our rookie to make his mistakes in the 4th. Champagnie magnet game was due, had one in game 5 too, we always need one of him or Vassell to hit their shots",analysis,
He was hustling when spurs needed rebounds,reaction,
"And was waived by the Sixers, that org had two players in this series on their squad and said nah",reaction,
Here’s the real kicker. They waved him because they wanted to keep McClung on the roster so he could participate in the slam dunk challenge 🤣,reaction,
The Corgi went 7/7!,reaction,
Generational run by the corgi,reaction,
Corgi got that dawg in him.,reaction,
Corgi took more shots than Chet,reaction,
The fuck you dunk at the end was so cathartic and I don't even like the spurs,reaction,
That was satisfying. Probably wouldn't have done it in their homecourt but since they're on the road he probably really wanted to do that lmao,reaction,
"Also, Vassell secured himself at least 10 points, which always looks good on paper.",reaction,
"Vassel even looked around and hesitated a bit but then like ""why not?""",reaction,
vasell legit hate the team more than wemby,reaction,
"Yeah that was a ""with hate in his heart"" slam.",reaction,
"Was watching at my in laws and had been very restrained all game but when Dev got it and started going I yelled “yeah dunk that shit, fuck em!” And my wife laughed",reaction,
GLORIOUS HATEWATCH,reaction,
"From ""Is OKC gonna beat the 16-1 warriors playoff record"" to FADED LMAO",reaction,
Don't forget 73-9 earlier in the year.,reaction,
29 teams won tonight,reaction,
The game of basketball won tonight.,reaction,
HALIBAN AVENGED,reaction,
THAT RING LOOKING FUNNY IN THE LIGHT.,reaction,
This has been a great day for hatewatching,reaction,
That really was just a generational hate-watch.,reaction,
"The chat in my illegal stream was completely locked in on the hate-watch. None of the usual racism or bigotry, just 100% basketball-related hatred",reaction,
perhaps we shouldnt be calling teams a dynasty after 1 chip lol,hot_take,
"Deadass happened almost every year since 2021 lmao Bucks, Nuggets, Celtics and Thunder especially I remember vividly dynasty talks for all of them just for them to immediately lose next season and never get back",analysis,
Poor Chet gonna see Wemby every year. Bro gonna need a therapist.,reaction,
FUCK YOU FLOPPERS EVERYONE GET IN HERE,reaction,
SGA driving in on Wemby at the end and dishing out when Wemby was clearly not trying to foul out was beautiful to watch,reaction,
Wemby was put in purely for him to just stand around and intimidate the shit out of them despite having 5 fouls and it worked. Hilarious,reaction,
"r/NBA 12/25 EDIT: The Spurs averaged 29 wins over the last 6 years, and just eliminated OKC. What the actual fuck",reaction,
"The Lakers elimination thread from not making the playoffs in 2021-2022 is still the most upvoted elimination thread on this subreddit at 53K upvotes. If there’s a shot of one beating that it’s this one, but I’m not so sure. Edit: Wow it actually beat it! Holy hate watch lmao",reaction,
Never thought I would cheer for the spurs to make the finals,reaction,
Chet Holmgren 😂,reaction,
THEY REALLY GAVE CHET THE MAX 🤣🤣🤣 Type of guy to shoot 2 shots in a Game 7. Fucking embarrassing.,reaction,"HARD: reaction vs hot_take. Single-stat jab ('2 shots in a G7') looks like the planning.md 'analysis-flavored hot take', but framing is pure emotional mockery tied to a just-watched moment -> reaction."
Legit all-time embarrassing performance. Shooting just twice in a G7.,hot_take,
All series he has been dog Chet,reaction,
"This can only be explained by watching, literally suffocated all night by Wemby",reaction,
Wemby's defensive presence literally can not be overstated. I've never seen anything like it. Holy fucking shit.,reaction,
that last drive by Shai he inexplicably passed it out but then i saw it was Wemby trailing so it made sense,reaction,
In Hartenstein + Chet minutes the Spurs would typically put a way smaller defender on Chet and he never took advantage.,analysis,
Chet the bed,reaction,
He needs to hit the gym,hot_take,
He looks like running hurts him physically,reaction,
And Wemby is only 22 so this belt is going to fall on that ass for like a decade straight.,hot_take,
"Wemby absolutely has ""It's gonna be like this every time I see you"" vibes lmao.",reaction,
"EVERYONE, GET IN HERE!!!!",reaction,
Fuck the clippers Edit: I put floppers and it auto corrected it to clippers for some reason lol. I’ll leave it,reaction,
fuck them too.,reaction,
wow Plaschke's still doing this? good for him,reaction,
HATE HATE HATE HATE HATE🗣️,reaction,
"It does add a bit of extra sting to be on the receiving end of an article like this. He didn’t write this to get clicks and start trending, to make a name for himself and advance his career, to make a boss happy and angle for that promotion…. He did it because he’s been covering sports in this city for a long time and he’s genuinely disgusted by what happened. It’s not business kid, it’s personal.",hot_take,
"Plaschke is routinely met with eye rolls with any LA Times reader/sports fan By most all accounts in his personal life, I’ve heard he’s a great guy. And I admire his tenacity in the face of physical health struggles. But good lord does the guy write some frustratingly miserable columns. Weird way to make a living tbh",hot_take,
"I mean like every city has a columnist or two that does this, right? That's been writing in the local paper of record for so long they've become a caricature of themselves. We just all know this one because of Around the Horn. In Florida, like three pop into my mind immediately. Greg Cote's Miami Herald columns are always super reactionary and hyperbolic. Dan LeBatard, when his fingers still worked, would often write ridiculous and preachy columns that moralized at us. And here in Orlando I've wanted to eject Mike Bianchi into the sun for like 25 years because of his extremely reactionary columns that are often exceedingly banal. At some point, you get so familiar with how the local guy writes that it feels like a madlib to you.",analysis,
"Even so, he is spot on with this piece. F**k Leonard. I grew up So Cal. Have been a die hard Angels and Clippers fan since I was young. I know Ballmer is a likable guy, but him and Arte Moreno have ruined my two favorite franchises. I was ok with being the underdog that would occasionally go through nice stretches of success.",hot_take,
Ballmer projects the happy goofball image but he has quite the history of scummy behavior.,hot_take,
Anyone who finds any billionaire actually likable is a gullible rube,hot_take,
"No one in the NBA is worth a blatant hit piece more than Kawhi and the Clippers. Even before the aspiration bullshit Kawhi was fleecing the Clippers, and more and more so with each season since SGA is now B2B MVP. No sympathy for the Clippers either, they were dumb enough to give Kawhi the money and tried to sneak it under the table as well.",hot_take,
Who cares about Steve Ballmer’s money? He would’ve prob burnt it on a yacht or whatever billionaires burn money on. Usher’s “Let it Burn” playing in your head.,hot_take,
I don't give a shit about Steve Ballmer's money. I do give a shit about him and Kawhi flouting the rules of the league and spirit of competition with his money.,hot_take,
He gone. This is the Kawhi hit piece narrative,hot_take,
Feel like Plaschke was gonna write this either way lmao. Its his thing,hot_take,
Yeah people calling it a hit piece might be unfamiliar with Plaschke's column.,hot_take,
Not sure this is a hit piece if it’s just saying the truth out loud instead of wishing it wasn’t true,hot_take,
Its not necessarily wrong though. It has to be one of the more disappointing signings I can remember. It definitely seems like hes phoned it in since he got there.,hot_take,
"The closest they came to winning a chip was in the bubble. If I remember correctly, all the guys were healthy (for a change). But they played like they didn’t want to be there and it showed",analysis,
Sorry is any of this inaccurate though?,hot_take,
He built the Thunders Championship Run💀 I will never forgive Leonard and Paul for their sins for this lol,reaction,
"Why the hell did the Clippers “deserve so much better”?? They poached him from Toronto and paid him under the table ffs! Poor Balmer, he fucking cheated so he could get ripped off by Kawhi lmao",hot_take,
Framing Balmer as a victim of Kawhi is fucking hilarious,hot_take,
Ballmer is the owner. He had all the power to say no,hot_take,
Ballmer has a lot of friends in the media. They've all been shitting on Kawhi ever since the Aspiration story broke and painting Ballmer as some unsuspecting klutz who couldn't have known any better.,hot_take,
"It's Minnesota, so, no. You expect them to lose by any means necessary. Serious answer: for a single game? Absolutely. For a whole series, you have to consider the 8 seed Nuggets defeating the 1 seed Sonics in 1994.",analysis,
The Heat have finally done it,reaction,
A decade of pump faking star trades got them Giannis. Fair play Pat Riley,hot_take,
Where are their shooting now? Norm Powell and Wiggins?,hot_take,
Spoelstra is gonna work his magic and some random role players are gonna shoot lights out for them next year,hot_take,
WOW NOT BOSTON,reaction,
I suspect this came down to draft picks and Boston didn’t want to give them up,hot_take,
"The ""rumor"" for whatever it is worth was that this all came down to how dead set the Bucks were on wanting picks.",hot_take,
"Draft picks are the lifeblood of a small market team like Milwaukee which struggles to sign FA's. You draft a Giannis tier player or you trade for one. Either way, you need as much draft capital as you can get. Has this sub learned nothing from watching Sam Presti run circles around most of the other teams for the past decade?",analysis,
JAYLEN BROWN YOU ARE SAFE,reaction,
"No way, now he’s just gonna be salty as hell lmao",reaction,
lol I want to see how that Celtics locker room looks now if they keep him,reaction,
"Giannis for the entire Heat roster and all their draft capital, hell yeah",reaction,
Yeah for all the talk that the Giannis package was gonna be lackluster…Milwaukee did pretty damn good.,hot_take,
"Mitchell / Powell / Wiggins / Giannis / Bam doesn't sound like the worst starting 5 tbh, they should be able to make some noise",hot_take,
Yeah I mean this is head and shoulders better than what Giannis was with on the Bucks the past season.,hot_take,
People forgot he had Kyle Kuzma taking big time shots,hot_take,
At the least seeing Giannis with Spo is a fucking treat. Norm is perpetually good until he gets injured then loses all of his mojo. They can be defensive stalwarts which they usually are with just Bam. Need more on the bench but some random undrafted guy will come around shooting 38% on 8 attempts a game from 3. They have some roster spots to fill up lol,analysis,
You know Dru Smith and Jovic will suddenly turn into legit NBA playoff rotation guys along with whoever they get as a UDFA this season,hot_take,
For the Bucks they honestly made out crazy well with how long they waited to finally do this. The fact they got all their young players and multiple picks with Giannis being on a one year deal. And the Luka trade continues to be the biggest joke of all time lmaooooo.,analysis,
The only thing I'm trying to wrap my head around is that it has been less than 3 years since Dame joined the Bucks...from favorites in the East to trading your franchise player...I don't think anyone could have guessed how that would play out then.,reaction,
ITS FINALLY OVER,reaction,
Holy shit. I could’ve sworn they were going to take the Boston deal,reaction,
Brown's next stream gonna be a must watch,reaction,
I think they were until Pat Riley came back with everything besides Bam. Miami are working with scraps now. This is just Milwaukee 2.0 with a better coach,analysis,
"Yeah they got no bench, they most trust that they can get some players, idk how their cap is looking but Shamet and Robinson don’t look too bad now going to Miami.",hot_take,
"I mean Shamet sure, but Mitch? I think they'll need every other dollar spent on guards now that they have none.",hot_take,
David West had a nice top of the key jumper. Its personal for him.,reaction,
"4s shooting graceful long 2s is really a dead art. West, KG, Lamarcus Aldridge, etc. I miss that style of player. Now you have bums like Tari Eason chucking 5+ threes nightly",hot_take,
Tari Eason taking Lamarcus Aldridge shots would be worse and still in no way aesthetic,hot_take,
You also had bums like Evan Turner missing 5+ middies a game and shooting 40% while contributing zero 3s,hot_take,
"I’d say it’s more a lament that so many skills are obsolete in today’s game, and NBA strategy feels a little solved. It’s really hard to compete against Drive and kick with 5-out lineups with any other strategy, and if guys like Tari Eason are analytically more efficient than Lanarcus Aldridge it sort of feels like a bellwether",analysis,
i mean theres still lots of guys who operate out of faceups in the midrange nba fans hate at least half of them,hot_take,
"It’s a lost art because it was always just objectively a pretty bad shot and it’s kind of funny in retrospect that it took thirty years or whatever for people to figure that out. Like, it’s not rocket science. Three is more than two. Three is exactly 50% more than two. Pretty much no one hits 50% more shots from 20 feet than they do from 24, so it’s almost always a bad idea to take those long twos. You don’t need a lot of advanced models and statistical wizardry to figure that out. Seems like it ought to be pretty basic common sense.",analysis,
"It’s funny because growing up playing, we were always taught if you had a wide open three to not take it, but to take two steps in and take that 2 instead cuz it was a better shot.",hot_take,
"To be fair, most kids aren't strong enough to shoot 3s efficiently as they can't reach the rim.",hot_take,
That one post calling Jaylen Brown analytically the 7th best player on a team did irreversible damage to this sub,hot_take,
I know someone told Marks to throw a grenade in the Celtics front office. No team has 7 players better than Brown. This is great engagement for podcast though,hot_take,
"I don't think there's ever been a team in history thats had 7 players better than Brown. Like Im trying to think of even all time great teams were Brown would be low enough on the roster to be barely getting minutes off the bench. Like maybe some old Celtics, bulls, or 2010s warriors teams were he might be the 6th man? Even that seems like pushing it",analysis,
"There might be more than a couple. 1992 - Jordan, Magic, Bird, Barkley, Robinson, Ewing, Pippen, Malone gets you 8 players better. Is he better than Stockton or Drexler? 1996- Barkley, Robinson, Shaq, Malone, Hakeem, Grant Hill, Gary Payton, with Penny, Mitch Richmond, Reggie Miller and Stockton as question marks 2008 - Lebron, Kobe, Wade, Dwight, Bosh, Chris Paul, Carmelo. Brown is probably better than Boozer, Michael Redd, age-35 Jason Kidd, Deron Williams, and Tayshaun Prince 2012 - Carmelo, Kobe, Durant, Harden, Lebron, Kevin Love, Chris Paul, and maybe Westbrook 2024 - Curry, AD, Durant, Anthony Edwards, Embiid (if healthy), Lebron, Tatum.",analysis,
"s he better than Stockton or Drexler? lol, no, just no",hot_take,
Drexler was the only SG that was even in the vicinity of sniffing MJ's panties in that era. People don't realize in his prime he was averaging 27-8-6 with over 2 steals a game. Plus he had one of the most aesthetically pleasing games around.,analysis,
"The reason the team did not pick Jordan in the draft, and it didn't seem that mental at the time. Also dumping the best pure point guard in the history of the game into the maybe better than Brown is utterly baffling",hot_take,
Yeah if we counting USA Olympic teams we might as well count All-Star teams.,hot_take,
"There's no ""maybe"" about the 92 squad. Brown doesn't even sniff the top 10 on that roster",hot_take,
"Without looking over every team, there has to be very few teams with their 2nd best player being better than Brown, right? I mean, even if you're a JB hater, he's a perennial all-star. So using a rough, crude barometer of top-24 player in the league (this is intentionally low), how many teams' 2nd best player is a top-24 guy?",analysis,
"There’s a lot of teams all time that have a better top 2 than him, but there are way more that would have him instantly be there second best player (or even just best).",hot_take,
It's massively idiotic. Statements like that push back understanding of the usefulness of analytics. Nobody on earth who has watched him play would say he is the 7th best player on the Celtics. It's stupid.,hot_take,
Which is an anonymous source probably just saying something absurd and arbitrary to lower his trade value,hot_take,
"I doubt his model actually says that. It’s an anonymous source probably out of context, exaggerating, messing around, or with ulterior motives",hot_take,
"Then someone else said that he was in the one of the five worst players in the league in terms of making their team and teammates better. The guys has made like 6 Conference Finals and won a championship. By that logic if the Celtics did nothing else but bench him, they would have been the 1990s Bulls since her second highest usage and minutes guy was actively sabotaging them",analysis,
Oneguy lol. Thats like saying every ex NBA players are an idiot and need to shut the fuck up because Kendrick Perkins and Rashad Mccants exists.,hot_take,
People completely misunderstand analytics and it definitely has its place. However when you’re talking about models putting Jaylen Brown as the 7th best player on the Celtics we need a bit of a correction lol,hot_take,
"No one even knows what model, which source, what context, etc. It’s probably all made up for clicks or ulterior motives and it’s working.",hot_take,
"He's 7th in win shares per 48 amongst Celtics players that played more than 10 games. That's just a single stat, not a model, but it's probably where the ranking came from.",analysis,
"Well played from Marks and ESPN. He's sparked a huge controversy and player uprising that will create content for a week+, just by misrepresenting what some analyst told him. It's pretty obvious, if you stop and think for a second, that someone said they felt he was overrated and that one of their models even had him as a 7th man. That doesn't mean they believe he's a 7th man, but just that some stat or model showed that. People somehow don't notice that it's always an ESPN talking head that puts out controversies like this.",analysis,
"EPM has him 5th at +1.3 and Hauser and Garza are behind him at +1.2, which is probably much more similar to what these people are talking about. His numbers don't bear out well across many metrics",analysis,
"You're looking at the expected EPM going into the '25-26 season. His actual EPM was +2.2, which put him only behind White, Queta, and Tatum. Next was Pritch at +1.7 That said the point is still true that his advanced metrics have always looked pretty meh. Still, 7th on any team from an overall value standpoint is pretty crazy",analysis,
"Wby can’t it be that the source that said is really just a dumbass and it’s real? People say crazy shit, especially when they’re off the record (I’m freelance journalist) knowing that they could say some of the most outlandish with no blowback. Earlier in the week, SAS took a whole segment on national TV to respond to brown comments and posted that video on socials IMMEDIATELY. This is nothing compared to that. Everyone is attacking Marks credibility when before this he was one of the more respected talking heads at ESPN. It’s usually poor ethics and bad faith to expose a source, unless some really extraordinary circumstances are involved, so Mark got no choice but to take the heat. But I’m for certain, this ain’t made up and if delivered in a different context, that comment would be worthy of discussion without the mud slinging.",analysis,
"Im assuming the original source probably said something like “he’s a good player but in a few metrics we use, JB ranks closer to a 7th best player on a team than a top option. So we won’t go out of our way to try to acquire him.”",hot_take,
"We don’t know the analytical model, what it’s looking at, or anything to critique it. Most analytical models do not have Brown even close to that bad.",hot_take,
"it's WS/48. He was 8th Celtic last season, I guess they removed Bassey who played 5 games so Brown's 7th.",analysis,
"That’s always been the problem with how analytics are being painted by people who just use it online. Id like to think teams are definitely smarter (though if this source is real then ehhh), but people using it say “X metric says this so it supports my argument”. They take whatever surface level summary of what the metric wants to say, and use it to make barely substantiated evidence with minimal understanding or adequate eye test validation too. It makes something very useful to teams around the league look like dumb nerd shit cause of these stupid online arguments for brownie points",analysis,
I'm not sure that's necessarily true. EPM has him 5th at +1.3 and Hauser and Garza are behind him at +1.2 so it's not hard to imagine.,analysis,
"The thing about math is that after you do all the crunching, you need to apply sanity to validate that your answer is correct. If your crunching says the ball travelled at the speed of light when you dropped it off a building, you did the math wrong. If your model says one of the best players on a leading basketball team was one of the least productive on that same team, the model is wrong. The model is aimed at predicting the future, to some extent, and you correct it by comparing its predictions to the actual; not blindly following it.",analysis,
"This is just the danger of people having access to information they don't understand or know how to use. Numbers don't lie, but people sure do. If anyone actually thinks JB makes a team worse, they should be fully ignored. Just extremely dumb shit. And I day this as someone that finds JB insufferable.",hot_take,
"Yup, we are witnessing in real time how statistically illiterate many people are. The statistics aren’t wrong, they can only show what they are created and calibrated to show, in that they have succeeded. How we interpret the numbers a statistical model spits out is up to us. And that’s the problem, most people just see a statistic and think higher number = good and lower = bad, but all statistics require context to decipher. There are too many confounding variables that you can’t necessarily control for that can muddy a statistic for any given player. Furthermore, you have to know how a statistic is calculated. A lot of these models use weird extrapolations of data to get their result",analysis,
"Luka, Wemby and Giannis are some of the other players in the bottom right btw",hot_take,
I'd imagine it happens with lots of star players. When they are on the court they take more shots than role players.,hot_take,
They’re are also going against other starting units. It’s not like JB goes the bench first and then they just take off.,hot_take,
"Except Brown for the last 2 years plays exclusively with the first unit while Tatum leads the 2nd unit, then is the first to come off the bench against the opponents' bench in the 2nd and 3rd quarters and comes in rested for the 4th quarter stretch. He has better teammates around him and plays vs worse players more.",analysis,
"Yeah, it's fine if you subtract points from your teammates, if you add a lot more points yourself. The better number to look at would be how much better your team performed when you're on the court versus off. (Don't look it up for Jaylen Brown though lol)",analysis,
"Yeah, this is a weird metric. I don't care if the teammates metrics go down as long as the team overall is better. The extreme would be that when one player is on the court none of his teammates shoot at all, but the hypothetical player hits a 3 on every single possession. Obviously that's a huge net win for the team even though his teammates metrics literally crater to nothing.",analysis,
"This is one of those areas where I feel like eye test and analytics kind of overlap. Depending on what your definition of those is, they can fall in either camp. That's a great point in so far as getting your teammates going and involved has value, like it has eye test value, but I can't imagine it doesn't have analytical value. It would just be the level of analytics, frankly, that we're probably not going to be seeing on Basketball-Reference or captured in a tweet.",analysis,
"Ah yes, plus minus, the most important stat in the game and one you can have literally zero impact on whilst on the court and still come out positive or negative",hot_take,
"Yeah, it's always funny seeing a player drop a Tony Snell but end up at a team best +15 because they were simply on the court at the right time.",hot_take,
"The problem with plus/minus is that people treat it like it's an advanced stat or like it's a true aggregate stat when it really is just like a base stat. It actually should be treated more like a counting stat. It's the counting stat of advanced stats. Your particular plus minus might not tell me much but the difference between plus minuses, identifying changes and relationships etc, can tell me a ton. Can get me like 80% there",analysis,
"It is not important in one game or in one month, but across a whole season it's quite telling yeah, large enough sample size",hot_take,
"That would be the reason they didn’t call out the other names. To fit the narrative, objectivity be damned",hot_take,
Seriously. Shouldn't the first option take away scoring from teammates,hot_take,
So is this not just a function of being a ball-dominant player? Your teammates are gonna score less if you’ve got the ball all the time.,hot_take,
Thats why what actually matters should be points relative to the general trend line. If the expected value for a 35points/100 player is a negative 2 on his teammates but your guy is only minus .5 hes a positive creator for that level of production but if your guy is minus 3 then he's a negative even relative to the expected value.,analysis,
"I mean, at that point it just boils down to points per 100 possessions on/off, right? And for Brown it's 120.809(on)/121.164(off), so -0.35. That doesn't really explain if he's making his teammates better or worse and it helps there to use point per possession: Brown's ppp 1.165 Teammates ppp 1.232 (Brown on) Teammates ppp 1.211 (Brown off) So, there is a +1.68% lift for his teammates in their ppp, but because Browns is lower, points per 100 possessions goes down (Brown's usage is 36.2%, so (36.21.165)+(63.81.232)=120.8) For a comparison using SGA, his on/off is 122.916/113.740, for +9.8 and for ppp: SGA ppp 1.356 Teammates ppp 1.165 (SGA on) Teammates ppp 1.137 (SGA off) There is a lift in teammates ppp but because he's do much more efficient, there's a big lift in points per 100 possessions. And hypothetically, if you swapped Brown and SGA on OKC and the teammate ppp stays the same, Brown would have a positive on/off (116.5/113.7, +2.8). Average points per 100 is 115.7, so Brown is above average, it's just that the rest of his team is way above average so he brings it down.",analysis,Clear analysis: load-bearing on/off + ppp numbers with reasoning.
"Even so Jaylen Brown is at the very bottom across the entire NBA? Worse than every other ball-dominant player, worse than every other high usage player, worse than every other star player, worse than every other top scorer. That's not nothing, is it?",hot_take,
"I mean if hypothetically you were the GOAT scorer and going iso was always objectively the best way for your team to score, this stat would make you look terrible. So it’s pretty meaningless without broader context of overall offense plus minus etc",analysis,
I gurantee you MJ and Kobe would be near the bottom of the list all time but would anyone with a brain say those guys were not helping their teams?,hot_take,
The first test of any ranked list is “who is at the extremes?” That list of people at the bottom is… SO fucking suspect.,hot_take,
"This list is just a more highfalutin way of describing usage rate lmao, of course if a ball dominant player is on the court that isn't known for spreading the ball then other players will score less.",hot_take,
If wemby is crying like that I can’t even imagine what he’ll do if he wins the finals,reaction,
Good shit Spurs. Salute Luke Kornet for that block,reaction,
Game saving play,reaction,
Play of the game. Champagnie’s pass on that break was pretty good too,reaction,
Champagnie was the cheatcode. What the fuck was that game?,reaction,
Champagnie playing like he was drafted as a no.1 pick,reaction,
"Honestly yea. Slowing their momentum, allowing Webmy back in the game with the stoppage. It really was a game winning play in the 4th and I did not at all expect that from Kornet. They really must have preached the importance of every possession in that locker room because he hustled his ass off to make a perfect block. That moment was huge.",analysis,
Legit I was dreading an OKC comeback whilst Wemby was out. I’m sorry I ever doubted Kornet 😭,reaction,
"Dude literally checked in for a few possessions, made an insane game saving block, and then sat back down. What a guy.",reaction,
I was shitting bricks when Wemby got his fifth and had to sit,reaction,
Legit was the game winning play. It would have swung the momentum to OKC. Anyways FUCK YOU THUNDER YOU CAN SUCK MY DICK,reaction,
That and the Harper stepback 3,reaction,
That was so clean. Still cant believe he’s a rookie hitting shots like that in a game 7 conference finals,reaction,
"Huge balls on Kornet to go for it to stop that momentum. If he whiffs it and gets slammed on with the foul, OKC probably rides that wave to the finals",reaction,
Guy loves this sport,reaction,
Him and castle (when he cleans up his turnovers) will be a deadly duo for a long time,hot_take,
And Harper. That dude is legit. Really impressed me this series.,reaction,
"Don't forget KJ and especially Vassell, bro was our most consistent player this series he had a p quiet game 7 but the other games he was massive for us I'm glad he got that final dunk to cap it off.",reaction,
All that young talent and they also have a veteran in Fox.,reaction,
That dunk was majestic. Literally fell to my knees in front of the TV when he did it. Basketball nirvana,reaction,
"When I saw he had a free dunk I said aloud, “Oh fuck yeah, dunk that shit HARD.” It felt so good watching that.",reaction,
Yeah I think that’s expectations being lifted. He really wanted it.,reaction,
"he's straight up taken the face of the league. and if he wins the Finals, which i think he will, he will be cemented as that firmly. It's his NBA now. It's his era",hot_take,
"He already has it. If NYK wins brunson is the literal king of New York for ever but like, my 70 year old aunt knows who Wemby is at this point",hot_take,
"100%. It's already Wemby's Era and to be honest i think it's already pretty damn cool. He's just the one to take up the new mantle as ""The One"", that the NBA has uniquely had for the last 4+ decades. Basically the main character of the NBA, the same way Lebron, Kobe, Michael Jordan, Bird & Magic etc. Very very cool to be witnessing this happen live",hot_take,"HARD: hot_take vs analysis. Lists GOATs (LeBron/Kobe/MJ) but the comparison is decorative hype, not an argued claim -> hot_take."
"Finals at 22 years old is fucking nuts DWade was 24, man",reaction,
He’s essentially at the same point Lebron was in 07 but much more likely to win,hot_take,
Yeah it's crazy for Wemby to be this good this early AND have an insanely good team surrounding him. That combination basically never happens,hot_take,
Yeah I kind of hate the spurs for being such a lucky franchise but it’s very refreshing to see a generational talent not have to spend years on terrible teams,hot_take,
"Shoutout Wemby, man. The combo of hatred and competitiveness is what the game needs",reaction,
I love that he hates OKC just as much as all the fans lmao,reaction,
"As amazing as Wemby has been this series, I'm almost more impressed with the rest of this team. Every single one of them overachieved, and they all seem so well connected and coordinated on both ends. Harper has probably been the most impressive, rookies are not supposed to be this solid in the playoffs. He behaves like as much of a level-headed veteran presence as Fox and Barnes, seen him prevent Castle from getting a tech on multiple occasions. Amazing that he was only considered maybe the 4th best rookie in the league this season.",analysis,
"Harper, Castle, and Wemby are gonna terrorize the league for years",hot_take,
"Is Harper the one who dove to the ground to hold back Castle, knowing he would be heated after the Caruso foul? That was such a high-IQ move.",reaction,
"Yeah, he knew Caruso wasn't worth it. Take the W and end their season.",reaction,
"Castle is just a good luck charm atp. Dude is constantly on championship teams, so happy for him as a UConn fan. Completely deserved",reaction,
He plays like a champ. He makes mistakes yeah but he plays with so much effort and physicality.,hot_take,
"He just needs to chill a bit, hopefully he wont get that worked up against Knicks since feels like everyone on the team really hated OKC lol",hot_take,
"Fortunately for the Spurs Castle is only 22 and most of his negatives are things that are pretty fixable with more time in the league. Unreal the Spurs have made the finals with year 3 Wemby, year 2 Castle and rookie Harper.",analysis,
Brother we barely cracked 30 wins last season it’s really amazing that they’re doing this right now,reaction,
Do the Knicks have anyone as dirty as Caruso? Castle appears to have developed a seething hatred of him in particular this series,reaction,
"I don’t blame him, baldy tried to injure him 3 separated times and got nothing for it",hot_take,
Headband Caillou deserved to lose this and not touch the finals,hot_take,
"He really gets too hot-headed sometimes. Good thing his team is quick to wrap him up before he fully hulks out, like Harper did. What a great rook.",reaction,
"Good thing his team is quick to wrap him up before he fully hulks out, like Harper did. The dive and hug was hilarious, one my favorite clips this series.",reaction,
Most natural emotion a player has shown in this league for a while,hot_take,
Last time I remember was Steph winning his 4th. I don't think I've seen someone break down that hard after winning a chip before,reaction,
Dirk when he went straight to the tunnel in the closing moments of 2011 is pretty memorable.,reaction,
"And then I remember a decent part of this sub clowning on Embiid for crying after that loss. I'd be devastated too, and actually even liked him more, because he showed that kind of emotion and wasn't ashamed of it happening in a full court either",hot_take,
This man came into the league as one of the most hyped prospects of all time and has overachieved.,hot_take,
I think SAS was the best place for him to land. I wonder where else he could have achieved this. Thoughts??,hot_take,
Best player on a team in the finals in **year 3** is fucking insane; especially because there’s a real chance he wins it all,reaction,
A generationally successful hatewatch for me.,reaction,
"This over the non-chalant gimmick that certain other players do, any day of the week",hot_take,
Everyone said this year was to get playoff experience for this young team and they’re still 2-3 years away from being a championship contender. Now they in the Finals. Go Spurs Go,reaction,
"For what it’s worth I think most people, even some Spurs fans vastly underestimated how fast the rest of your core would grow up in these playoffs. It’s been damn impressive that it’s so much than just Wemby",hot_take,
"Noone expected Harper and Kornet to be this good as subs and noone expected Keldon Johnson and Vassell to adapt so fast to their new roles. Mitch Johnson was good last year, but with Pop's situation this was basically in his true first season and Sean Sweeney put up a defensive masterclass as an assistant; so, another 2 unpredictable feats. In think the only given points were Wemby and Castle's growth.",analysis,
Let it all out Alien!,reaction,
It’s understandable. Your fan base has a notably tortured history. Enjoy this rare run of success.,reaction,
"Fucking fair enough dude. There’s more to go, but what a moment and triumph for someone so young.",reaction,
the best player in the world,hot_take,
"His reaction was just beautiful. Wish we could have seen Pops, too💜",reaction,
"damn, this is kinda cool to see. you can fucking see how much it means",reaction,
